ip_address,state,latitude,longitude,zip
209.244.0.3,Colorado,39.9241,-105.0639,80020
216.52.41.33,Colorado,39.8401,-105.0027,80221
66.28.0.45,District of Columbia,38.9014,-77.0504,20037
64.212.106.85,New York,40.7145,-74.0029,10118
209.51.161.14,Georgia,32.8747,-82.4025,30477
208.67.220.220,Pennsylvania,41.7147,-75.9025,18844
63.251.129.33,Massachusetts,42.5511,-71.256,01821
216.52.65.1,Delaware,39.1589,-75.5878,19904
64.119.80.100,New York,40.694,-73.9901,11201
216.52.190.33,Texas,32.9189,-96.7751,75251
24.154.1.5,Pennsylvania,40.8795,-79.93,16001
209.51.161.58,Georgia,32.8747,-82.4025,30477
12.127.17.72,Georgia,33.9395,-84.2008,30071
206.253.194.97,New York,40.7145,-74.0029,10118
64.94.33.33,Illinois,41.8483,-87.6517,60602
12.127.17.71,Georgia,33.9395,-84.2008,30071
216.218.226.238,Ohio,39.4251,-81.4613,45750
198.60.22.2,Utah,40.2783,-111.7198,84058
69.60.160.203,Georgia,34.024,-84.2396,30022
216.52.169.1,Texas,29.6321,-95.3416,77048
66.151.145.1,California,37.3388,-121.8914,95141
64.94.1.1,Georgia,33.9733,-84.2231,30092
216.52.254.33,California,37.747,-122.4389,94131
209.130.139.2,New York,40.7145,-74.0029,10118
206.165.6.12,Arizona,33.4532,-112.0749,85001
12.127.16.67,Georgia,33.9395,-84.2008,30071
216.66.38.58,Georgia,34.1151,-83.5749,30549
66.28.0.61,District of Columbia,38.9014,-77.0504,20037
64.212.106.84,New York,40.7145,-74.0029,10118
209.216.160.131,Oregon,45.4817,-122.4156,97080
216.52.254.1,California,37.747,-122.4389,94131
209.97.224.3,Colorado,39.9241,-105.0639,80020
198.82.247.34,Virginia,37.1791,-80.3515,24061
208.67.222.220,Pennsylvania,41.7147,-75.9025,18844
69.60.160.196,Georgia,34.024,-84.2396,30022
209.130.136.2,New York,40.7145,-74.0029,10118
216.52.41.1,Colorado,39.8401,-105.0027,80221
216.106.1.2,Missouri,38.9933,-92.3078,65202
209.244.0.4,Colorado,39.9241,-105.0639,80020
206.253.194.65,New York,40.7145,-74.0029,10118
206.124.0.254,Colorado,39.8232,-105.2825,80403
216.52.126.1,Maryland,39.0828,-77.1674,20850
63.251.129.1,Massachusetts,42.5511,-71.256,01821
65.203.109.3,Texas,33.5134,-101.8818,79423
64.94.1.33,Georgia,33.9733,-84.2231,30092
69.28.97.4,California,37.7976,-122.3994,94111
64.94.33.1,Illinois,41.8483,-87.6517,60602
209.244.0.53,Colorado,39.9241,-105.0639,80020
69.16.169.11,Texas,32.7889,-96.8021,75201
208.78.24.238,California,33.6268,-117.8718,92660
64.184.20.4,Indiana,40.5112,-85.8265,46986
208.67.220.222,Pennsylvania,41.7147,-75.9025,18844
216.170.153.146,Wisconsin,43.103,-89.5073,53562
199.120.87.57,Iowa,43.1406,-93.385,50428
64.128.251.228,Florida,28.3672,-80.7465,32922
208.84.156.153,Missouri,38.6332,-90.2164,63103
206.74.254.2,South Carolina,33.7419,-79.4489,29554
162.127.13.1,Nebraska,41.872,-103.6619,69361
173.196.200.162,California,34.0648,-118.4414,90024
69.16.170.11,Texas,32.7889,-96.8021,75201
66.147.43.2,Florida,30.0822,-81.5498,32259
206.165.6.11,Arizona,33.4532,-112.0749,85001
208.84.156.150,Missouri,38.6332,-90.2164,63103
192.221.158.0,New York,40.7145,-74.0029,10118
98.114.102.245,Pennsylvania,39.9444,-75.5875,19382
72.237.206.30,Pennsylvania,39.9444,-75.5875,19382
162.127.13.6,Nebraska,41.872,-103.6619,69361
204.13.152.2,California,34.413,-118.4269,91387
50.203.113.252,Colorado,39.5972,-105.001,80120
66.249.99.130,Texas,29.7925,-95.3673,77009
72.52.104.74,California,37.245,-121.9541,95032
98.102.32.246,Ohio,40.0337,-83.1319,43026
98.114.102.243,Pennsylvania,39.9444,-75.5875,19382
208.108.80.23,Ohio,41.3617,-82.2538,44001
206.125.47.220,Pennsylvania,40.0021,-75.2724,19096
216.171.184.243,New York,43.1061,-75.2336,13502
66.175.212.65,New Jersey,40.8223,-74.4569,07927
98.189.246.67,California,33.7074,-117.7054,92618
216.169.187.240,Pennsylvania,40.9661,-76.8575,17850
198.150.53.52,Wisconsin,43.8013,-91.2134,54601
24.142.152.226,Ohio,40.8689,-84.5904,45891
108.163.231.164,Illinois,41.8777,-87.6376,60604
216.239.34.40,California,37.7688,-122.262,94501
24.154.1.4,Pennsylvania,40.8795,-79.93,16001
208.77.177.3,Oregon,43.1884,-124.2014,97423
98.114.102.244,Pennsylvania,39.9444,-75.5875,19382
38.122.24.30,Oklahoma,34.4805,-98.3875,73543
198.54.169.33,California,37.3881,-121.8756,95131
206.72.64.70,California,34.0549,-118.2578,90014
64.50.228.103,Illinois,41.8957,-87.9435,60126
184.0.147.3,North Carolina,35.7532,-81.3264,28601
24.142.152.238,Ohio,40.8689,-84.5904,45891
208.100.175.209,Oregon,44.6376,-121.1349,97741
204.13.152.3,California,34.413,-118.4269,91387
208.89.96.11,New York,40.7589,-73.9913,10018
66.223.244.17,Alaska,61.2116,-149.8761,99501
205.154.84.8,California,32.847,-115.573,92251
208.98.188.82,Idaho,42.6352,-112.9458,83211
199.16.220.189,Indiana,41.0655,-86.231,46975
50.75.33.22,Maine,44.9043,-67.0408,04652
54.187.61.200,Oregon,45.8491,-119.7143,97818
216.48.62.10,Virginia,37.5537,-77.4602,23220
74.95.253.101,Texas,30.0516,-95.4707,77388
208.84.156.137,Missouri,38.6332,-90.2164,63103
192.210.50.26,California,34.0233,-117.8512,91789
104.131.37.180,New Jersey,40.8364,-74.1403,07014
216.240.32.73,California,34.0732,-118.3294,90010
198.252.182.68,Colorado,40.05,-105.217,80301
162.220.166.170,New York,40.6763,-73.9492,11216
168.99.166.202,Washington,47.8302,-122.3331,98026
162.220.166.250,New York,40.6763,-73.9492,11216
74.143.112.211,Kentucky,38.2338,-85.7904,40210
173.244.177.114,Ohio,40.081,-82.9383,43231
204.12.85.62,Delaware,39.6327,-75.6998,19702
96.231.106.122,Maryland,39.1361,-77.2824,20874
216.240.167.53,California,32.8919,-117.2035,92121
70.62.251.3,Ohio,39.4413,-84.3652,45050
66.172.234.227,Iowa,42.5231,-96.396,51104
50.244.102.73,Texas,29.6968,-95.5446,77036
66.252.64.254,Illinois,41.7405,-87.6587,60620
216.255.127.77,New York,41.2656,-74.3604,10990
74.93.247.57,Tennessee,35.8974,-83.9425,37920
216.240.32.72,California,34.0732,-118.3294,90010
205.243.120.83,Minnesota,44.0286,-91.6957,55987
74.91.25.91,Missouri,39.1484,-94.5686,64116
216.66.104.72,Vermont,44.4695,-72.6923,05672
216.18.240.68,Michigan,43.0073,-85.7255,49544
75.151.90.130,Colorado,39.1965,-106.8229,81611
209.84.253.11,Florida,28.6344,-81.6221,None
174.140.108.65,Florida,25.7873,-80.1564,33139
173.240.241.1,Oregon,45.5375,-122.5989,97213
198.91.76.76,Indiana,39.772,-86.1535,46204
66.76.13.250,Texas,30.5478,-96.2715,77845
208.254.148.100,Minnesota,44.8696,-93.3266,55435
199.241.182.254,South Carolina,33.8632,-81.2351,29073
199.188.137.19,Arizona,32.3383,-111.0455,85741
108.60.212.237,Texas,32.831,-96.7692,75206
208.54.194.213,Arkansas,36.2066,-92.273,72658
206.255.197.138,Arkansas,33.677,-93.6116,71801
74.220.232.250,New Hampshire,42.8285,-71.6606,03055
208.89.96.165,New York,40.7589,-73.9913,10018
50.121.118.113,Indiana,41.4706,-87.0783,46385
208.87.241.170,California,34.0233,-117.8512,91789
216.66.77.230,Illinois,42.0094,-87.8354,60068
66.212.44.1,Oklahoma,35.2906,-95.6476,74432
199.189.230.170,Iowa,41.8943,-91.5738,52227
208.77.56.46,Arizona,33.5645,-111.8901,85258
205.215.193.100,Minnesota,44.9834,-93.2622,55440
66.162.39.114,California,33.7372,-117.8232,92780
69.163.32.8,Oregon,45.4451,-122.5397,97086
173.219.2.16,Texas,31.27,-94.6469,75901
199.187.127.201,Pennsylvania,39.952,-75.1814,19103
12.132.167.252,Texas,29.4237,-98.4925,78205
216.106.114.14,Georgia,33.8743,-84.4653,30339
216.239.32.40,California,37.7688,-122.262,94501
199.255.95.193,Oregon,44.9286,-120.1309,97830
198.0.52.60,Oregon,44.0683,-123.0763,97401
72.214.232.30,Nebraska,41.2606,-96.1661,68118
134.241.192.17,Massachusetts,42.2831,-71.7237,01545
70.63.163.92,North Carolina,35.7178,-78.8428,27502
208.89.96.56,New York,40.7589,-73.9913,10018
97.64.229.178,Illinois,41.3526,-88.8416,61350
134.39.250.240,Washington,48.7494,-122.4896,98225
198.30.209.74,Ohio,39.9106,-83.7856,45505
68.109.249.134,Oklahoma,35.2958,-96.9601,74801
50.120.215.2,Pennsylvania,41.39,-75.6636,18505
170.158.39.252,New York,43.4605,-76.2446,13114
208.80.84.30,Oregon,44.3245,-123.3203,97456
173.15.15.85,Illinois,42.0048,-87.9954,60007
209.94.40.2,Illinois,42.314,-88.997,61114
207.62.90.10,California,32.847,-115.573,92251
208.40.5.2,Ohio,41.3809,-81.6642,44131
192.238.26.202,California,32.8919,-117.2035,92121
192.238.26.201,California,32.8919,-117.2035,92121
69.131.167.146,Tennessee,35.322,-87.7395,38485
147.97.16.66,Arkansas,35.0937,-91.9074,72012
65.49.37.195,California,37.4563,-122.2002,94027
104.130.17.146,Texas,29.4963,-98.4004,78218
65.182.92.13,Texas,33.526,-101.8333,79404
69.20.169.49,Idaho,43.8477,-111.6932,83448
4.53.160.75,Missouri,38.8338,-90.2936,63034
216.12.254.250,Texas,30.1826,-97.7394,78744
50.44.20.30,Illinois,41.3785,-89.5744,61379
69.38.129.86,New York,40.7252,-73.944,11222
65.197.137.51,Montana,45.339,-111.2485,59730
199.101.81.97,Washington,46.0594,-118.3361,99362
206.130.130.209,Washington,47.4221,-120.3266,98801
76.205.190.201,Oklahoma,34.6153,-96.8423,74865
23.25.151.177,Minnesota,44.9114,-93.4898,55345
24.73.254.90,Texas,29.5359,-98.4943,78216
24.181.107.227,Alabama,32.4217,-86.275,36110
216.98.109.133,New York,40.7547,-73.9614,10022
69.24.213.47,Kansas,37.2778,-97.391,67152
206.15.226.2,California,38.7253,-120.7966,95667
72.18.139.226,Colorado,39.7501,-104.9957,80202
204.106.240.53,Michigan,41.8442,-84.7648,49274
198.110.32.233,Michigan,43.2329,-86.1885,49442
168.215.92.56,Indiana,39.8655,-86.122,46220
65.223.219.25,New Jersey,39.9769,-74.1601,08753
24.181.107.228,Alabama,32.4217,-86.275,36110
216.75.92.29,New York,40.7365,-74.0055,10014
66.103.151.213,Florida,27.893,-82.5074,33611
208.69.236.23,Kansas,39.2458,-96.6336,66503
216.171.252.54,Texas,32.7003,-97.6086,76008
24.144.1.35,Arkansas,35.0842,-92.4236,72032
50.206.234.54,Texas,29.5183,-95.0977,77573
192.77.147.10,Florida,26.1166,-80.3192,33325
66.214.138.178,California,34.1624,-118.1275,91104
204.27.61.205,Missouri,39.1029,-94.5713,64106
207.177.83.1,Iowa,42.9528,-92.5298,50658
74.204.181.228,Wisconsin,43.0334,-89.4512,53711
198.146.127.2,Tennessee,36.3834,-86.4512,37066
96.61.228.146,Wisconsin,44.7997,-89.6845,54455
207.200.49.29,Texas,30.2095,-97.7972,78745
216.106.1.3,Missouri,38.9933,-92.3078,65202
104.131.163.103,New Jersey,40.8364,-74.1403,07014
208.201.39.14,Oregon,45.4984,-122.957,97123
64.9.50.67,Pennsylvania,39.8545,-75.3773,19013
209.124.130.159,Alaska,60.1329,-149.3985,99664
104.36.237.205,Washington,46.8527,-118.9932,99344
66.206.167.2,California,37.2329,-121.7875,95119
208.73.176.3,Pennsylvania,40.6657,-75.3364,18020
198.24.10.91,Pennsylvania,39.9444,-75.5875,19382
209.54.134.16,New Jersey,40.0881,-74.1963,08701
108.174.102.141,Tennessee,35.0015,-85.2384,37412
216.158.82.136,California,34.0584,-118.278,90017
204.16.88.250,New York,40.8231,-73.9513,10031
185.66.9.142,New York,40.7308,-73.9975,10011
206.251.168.10,Louisiana,30.2902,-90.4018,70421
208.73.176.17,Pennsylvania,40.6657,-75.3364,18020
74.174.200.5,Mississippi,34.3115,-89.9443,38606
72.43.109.68,New York,40.7157,-74.0,10013
216.68.91.245,Kentucky,39.03,-84.559,41017
66.199.241.115,Texas,29.7388,-95.8309,77494
104.181.217.233,Texas,32.5338,-94.3619,75670
76.79.112.98,California,34.0308,-118.473,90404
198.52.109.179,California,34.413,-118.4269,91387
198.52.109.178,California,34.413,-118.4269,91387
128.177.117.40,Virginia,38.9258,-77.3939,20171
69.51.79.13,Montana,45.8771,-112.1245,59759
162.247.147.98,Michigan,43.4099,-84.2266,48626
198.202.68.34,California,32.7153,-117.1573,92186
65.111.169.161,Florida,26.1167,-80.1286,33301
66.208.50.170,District of Columbia,38.9522,-77.0253,20011
12.131.101.32,South Carolina,34.6923,-82.2919,29680
65.111.169.162,Florida,26.1167,-80.1286,33301
206.72.64.86,California,34.0549,-118.2578,90014
64.29.77.253,Hawaii,20.8959,-156.509,96793
205.251.175.4,Ohio,41.703,-83.571,43612
206.124.1.254,Colorado,39.8232,-105.2825,80403
165.234.1.2,North Dakota,46.7231,-100.678,58504
50.200.193.97,Florida,30.223,-81.7595,32244
50.250.69.121,Florida,26.4525,-80.1562,33446
207.177.68.6,Iowa,42.1614,-94.4933,50050
24.153.174.242,Texas,32.8236,-96.6814,75228
207.177.68.4,Iowa,42.1614,-94.4933,50050
64.73.117.12,Wisconsin,44.277,-88.4011,54911
104.187.136.86,Oklahoma,34.0026,-96.3832,74701
168.156.8.90,Washington,46.9961,-122.7381,98513
204.12.225.227,Missouri,39.1029,-94.5713,64106
216.230.123.131,Maryland,39.303,-76.6062,21202
216.230.123.166,Maryland,39.303,-76.6062,21202
216.230.123.138,Maryland,39.303,-76.6062,21202
216.230.123.180,Maryland,39.303,-76.6062,21202
216.230.123.147,Maryland,39.303,-76.6062,21202
198.111.164.151,Michigan,42.4649,-83.3684,48336
216.230.123.156,Maryland,39.303,-76.6062,21202
216.230.123.133,Maryland,39.303,-76.6062,21202
216.230.123.135,Maryland,39.303,-76.6062,21202
66.206.166.2,California,37.4371,-121.8954,95035
216.230.123.142,Maryland,39.303,-76.6062,21202
216.230.123.155,Maryland,39.303,-76.6062,21202
72.162.36.12,Georgia,33.7697,-84.3754,30308
216.230.123.148,Maryland,39.303,-76.6062,21202
173.226.152.145,Texas,32.7889,-96.8021,75201
184.175.99.43,Missouri,38.6364,-90.1985,63101
74.81.134.40,Texas,30.0102,-94.8787,77535
162.223.88.133,New York,42.8864,-78.8781,14202
74.81.134.20,Texas,30.0102,-94.8787,77535
173.184.62.167,Texas,31.272,-95.9213,75833
24.227.217.157,Texas,30.2732,-97.7419,78701
66.39.224.145,Michigan,42.9859,-85.071,48846
192.238.25.201,California,32.8919,-117.2035,92121
152.157.16.16,Washington,47.6092,-122.3314,98111
108.48.113.74,Virginia,38.8597,-77.198,22042
199.241.183.253,South Carolina,33.8632,-81.2351,29073
168.156.84.37,Washington,47.0379,-122.9007,98504
170.215.79.233,Utah,37.5863,-109.4866,84511
207.28.96.1,Iowa,42.5088,-94.1807,50501
24.100.136.104,Illinois,38.8956,-89.3967,62246
66.112.37.211,Colorado,39.5709,-107.5428,81647
170.215.106.189,Minnesota,44.9066,-93.7479,55375
24.75.156.2,Florida,29.2573,-82.161,34475
69.25.34.198,Virginia,39.0062,-77.4286,20163
173.187.30.238,Florida,30.0035,-82.3828,32054
24.230.153.195,North Dakota,48.8451,-100.4329,58318
174.47.107.220,Indiana,40.0538,-86.1433,46074
216.51.211.233,Iowa,42.2367,-92.8162,50609
108.58.41.27,New York,40.6462,-73.9559,11226
198.248.79.224,Kansas,39.7154,-95.2744,66017
69.25.34.194,Virginia,39.0062,-77.4286,20163
65.255.197.147,California,34.0557,-118.0444,91733
208.117.38.156,Illinois,41.8719,-87.6589,60607
216.51.211.234,Iowa,42.2367,-92.8162,50609
104.36.234.65,Washington,48.578,-117.8645,99114
216.98.4.51,Florida,28.6225,-81.4317,32810
67.200.141.228,Texas,32.972,-96.7914,75248
70.61.240.4,Ohio,39.8798,-83.0883,43123
198.86.242.6,North Carolina,35.2842,-80.8719,28216
50.196.194.225,Illinois,42.073,-88.0191,60008
69.59.209.34,Oregon,44.5319,-122.8865,97355
69.38.209.114,California,37.7958,-122.4203,94109
75.150.238.89,Illinois,41.9215,-87.6446,60614
208.111.1.2,Florida,28.5588,-81.3495,32803
50.127.105.177,Indiana,41.1954,-85.1177,46845
198.82.247.98,Virginia,37.1791,-80.3515,24061
24.173.213.162,Texas,30.2817,-98.8799,78624
107.0.6.241,Massachusetts,41.3889,-70.5339,02539
208.111.1.1,Florida,28.5588,-81.3495,32803
12.145.62.50,Maryland,39.0828,-77.1674,20850
98.102.1.125,Ohio,39.537,-83.455,43160
98.102.1.122,Ohio,39.537,-83.455,43160
50.240.192.218,California,37.5313,-122.2501,94065
50.200.193.2,Florida,30.223,-81.7595,32244
74.81.131.2,Texas,30.0946,-94.7378,77575
12.145.62.51,Maryland,39.0374,-76.6813,21054
74.81.130.22,Texas,30.0946,-94.7378,77575
50.201.99.2,New Jersey,40.5192,-74.3021,08832
98.113.146.9,New York,40.6214,-73.9705,11230
64.20.42.251,New Jersey,40.7876,-74.06,07094
206.53.192.41,Minnesota,44.4587,-93.1668,55057
199.16.102.19,Texas,31.7743,-98.9902,76801
206.51.127.14,Michigan,46.7949,-88.6251,49958
206.51.127.13,Michigan,46.7949,-88.6251,49958
64.173.188.134,California,36.7126,-121.6437,93906
71.81.22.14,Georgia,34.0014,-84.0144,30043
71.244.114.162,New York,42.62,-73.8343,12054
71.41.117.122,Florida,28.4637,-81.3948,32809
72.13.94.155,California,37.3387,-121.8914,95113
66.172.201.11,Iowa,41.5644,-95.8913,51555
24.229.42.161,Pennsylvania,41.7373,-77.308,16901
71.46.252.6,Florida,28.6225,-81.4317,32810
65.254.42.2,Texas,30.0516,-95.4707,77388
216.222.152.16,New York,41.1144,-74.0429,10977
208.27.248.7,Texas,32.8264,-97.0972,76040
12.238.188.252,California,34.0806,-118.0729,91771
74.203.80.114,Hawaii,21.293,-157.8268,96826
199.249.236.123,Arkansas,35.8308,-90.7023,72401
204.114.1.71,New York,40.6866,-73.5124,11793
98.101.120.225,Virginia,36.5957,-80.6705,24317
97.76.199.114,Florida,28.6225,-81.4317,32810
71.126.135.85,Maryland,38.867,-76.8173,20774
66.192.100.200,Florida,27.959,-82.4938,33607
209.237.227.195,California,37.7771,-122.406,94103
50.249.192.125,Illinois,41.946,-87.7033,60618
50.247.245.193,Massachusetts,42.3996,-71.1246,02144
74.92.204.237,New Mexico,35.5335,-105.926,87508
24.229.250.113,Pennsylvania,40.6568,-75.3912,18017
66.240.146.122,Georgia,34.111,-84.3025,30004
65.220.42.38,New Jersey,40.7066,-74.2027,None
23.226.80.100,New York,42.1151,-75.9309,13905
199.46.104.114,Arkansas,35.0937,-91.9074,72012
173.219.137.249,Missouri,36.6694,-93.2449,65616
64.84.120.1,Pennsylvania,39.9101,-77.5253,17222
206.63.252.75,Washington,47.223,-122.5361,98466
24.123.138.90,Ohio,40.1834,-83.0912,43065
69.152.61.197,Texas,31.7899,-106.3658,79925
108.166.105.234,Texas,29.4963,-98.4004,78218
204.186.80.177,Pennsylvania,40.6027,-75.4778,18102
69.88.246.1,Oregon,45.5974,-120.7304,97065
192.169.192.162,Arizona,33.6013,-111.8867,85260
174.79.203.122,Kansas,39.1918,-96.5818,66502
66.173.0.3,Minnesota,45.2956,-93.8023,55362
192.73.252.40,California,37.3773,-122.0194,94086
107.0.6.129,Massachusetts,41.3889,-70.5339,02539
70.90.103.243,Massachusetts,42.5811,-71.4387,01886
66.240.176.72,Georgia,34.111,-84.3025,30004
199.176.228.3,Michigan,43.4652,-85.9626,49412
12.218.237.3,Indiana,41.7299,-86.2407,46637
167.142.88.1,Iowa,43.1808,-95.8401,51201
50.203.152.202,Colorado,39.7845,-104.9642,80216
216.30.201.3,West Virginia,38.3173,-81.5903,25304
66.240.176.100,Georgia,34.111,-84.3025,30004
192.70.238.191,California,36.6704,-121.6592,93901
151.181.0.47,New York,42.9752,-78.8816,14217
71.41.20.74,Texas,29.5593,-97.9631,78155
66.240.176.71,Georgia,34.111,-84.3025,30004
64.20.42.252,New Jersey,40.7876,-74.06,07094
24.230.151.170,South Dakota,44.3695,-100.3211,57501
67.137.39.195,Oregon,45.5073,-122.6929,97201
209.137.146.2,California,33.8718,-118.3369,90504
209.249.125.1,Virginia,38.9281,-77.2654,22182
208.79.148.75,Washington,47.54,-122.3032,98108
138.78.49.130,Maryland,38.2674,-76.4954,20634
204.246.1.36,Wisconsin,43.0736,-89.508,53717
70.60.230.129,Virginia,36.5775,-80.7601,24351
74.113.241.194,Texas,32.64,-97.5448,76126
192.30.240.8,Texas,32.8266,-96.7888,75205
50.202.46.35,Illinois,42.176,-87.809,60035
216.106.88.3,Missouri,38.8518,-91.9605,65251
170.215.66.0,Idaho,44.994,-116.2874,83654
69.24.212.41,Kansas,37.2778,-97.391,67152
208.79.148.78,Washington,47.54,-122.3032,98108
24.181.107.226,Alabama,32.4217,-86.275,36110
138.78.49.150,Maryland,38.2674,-76.4954,20634
69.64.54.93,Missouri,38.7139,-90.2375,63147
72.26.96.55,California,34.2337,-118.2536,91214
12.13.191.66,Louisiana,30.4741,-90.7673,70754
104.37.101.1,Indiana,40.135,-86.2205,46069
216.180.248.166,Colorado,40.05,-105.217,80301
75.149.23.181,Pennsylvania,40.5681,-79.841,15024
50.246.21.89,Georgia,33.8992,-84.8572,30157
216.81.128.160,Iowa,40.8113,-91.1156,52601
184.80.5.149,Virginia,37.6653,-77.5364,23060
192.30.35.11,Georgia,33.8336,-84.3797,30305
216.75.21.70,California,32.7967,-117.1367,92123
64.251.208.10,Wisconsin,43.0344,-89.5007,53719
199.255.93.7,Oregon,45.2306,-120.1898,97823
68.109.249.130,Oklahoma,35.2958,-96.9601,74801
173.219.163.68,Texas,30.6032,-96.3136,77840
209.252.189.103,Texas,32.9031,-96.5472,75088
148.78.249.200,Virginia,39.1821,-77.5359,20176
208.79.148.77,Washington,47.54,-122.3032,98108
128.177.117.42,Virginia,38.9258,-77.3939,20171
206.15.232.1,California,38.6967,-121.313,95621
207.165.185.1,Iowa,41.6221,-94.038,50003
207.62.90.11,California,32.847,-115.573,92251
173.49.66.121,Delaware,39.4851,-75.6794,19709
216.240.32.76,California,34.0732,-118.3294,90010
216.240.32.65,California,34.0732,-118.3294,90010
74.114.238.126,Indiana,41.4253,-87.3565,46307
168.190.200.74,North Carolina,35.4657,-81.107,28080
216.240.32.75,California,34.0732,-118.3294,90010
199.187.127.194,Pennsylvania,39.952,-75.1814,19103
216.240.32.71,California,34.0732,-118.3294,90010
65.111.169.159,Florida,26.1167,-80.1286,33301
216.240.32.243,California,34.0732,-118.3294,90010
184.59.26.33,Wisconsin,43.0818,-87.892,53211
168.190.200.76,North Carolina,35.4657,-81.107,28080
216.240.32.74,California,34.0732,-118.3294,90010
65.111.169.170,Florida,26.1167,-80.1286,33301
50.199.43.137,Michigan,42.2886,-83.4641,48188
216.240.32.77,California,34.0732,-118.3294,90010
216.240.32.140,California,34.0732,-118.3294,90010
65.111.167.182,Florida,26.1167,-80.1286,33301
216.240.32.85,California,34.0732,-118.3294,90010
204.8.88.71,New York,40.738,-73.9858,10010
70.100.50.41,Minnesota,44.7499,-93.2081,55124
70.100.50.1,Minnesota,44.7499,-93.2081,55124
75.117.247.211,Oklahoma,35.2025,-97.4835,73072
204.8.88.119,New York,40.738,-73.9858,10010
198.13.100.83,California,34.0233,-117.8512,91789
209.209.217.168,Louisiana,32.528,-92.1104,71201
204.38.88.2,Michigan,42.9934,-84.1595,48867
207.99.46.118,New Jersey,40.8617,-74.4104,07054
207.172.157.201,Maryland,38.9705,-76.8388,20706
50.42.95.48,Tennessee,36.0527,-85.0138,38571
65.111.169.168,Florida,26.1167,-80.1286,33301
63.227.222.106,Oregon,45.3993,-122.6079,97267
192.77.147.202,Florida,26.1166,-80.3192,33325
24.104.69.6,Massachusetts,41.5694,-70.6152,02540
204.8.88.69,New York,40.738,-73.9858,10010
204.193.157.31,Georgia,33.9733,-84.2231,30092
12.127.16.83,Georgia,33.9395,-84.2008,30071
67.43.120.97,Illinois,38.7793,-89.7786,62061
204.193.157.30,Georgia,33.9733,-84.2231,30092
198.13.100.82,California,34.0233,-117.8512,91789
75.150.235.81,Illinois,42.1689,-87.8546,60015
12.127.16.68,Georgia,33.9395,-84.2008,30071
24.43.51.19,California,34.6038,-118.2295,93551
24.173.0.70,Texas,32.9473,-96.7028,75081
12.127.16.78,Georgia,33.9395,-84.2008,30071
70.89.136.145,Washington,47.6137,-122.3104,98122
64.233.219.99,Illinois,41.8483,-87.6517,60602
205.213.172.36,Wisconsin,43.7526,-87.9779,53073
170.215.107.20,Minnesota,44.3032,-92.6719,55992
216.106.1.254,Missouri,38.9933,-92.3078,65202
98.102.242.19,Ohio,39.9366,-83.1838,43119
216.218.228.102,Ohio,39.4251,-81.4613,45750
204.2.150.24,California,37.5742,-122.325,94401
74.94.48.97,Pennsylvania,40.2166,-75.2565,19454
12.127.16.77,Georgia,33.9395,-84.2008,30071
162.249.226.48,Nevada,36.1008,-115.1365,89119
216.18.240.25,Michigan,43.0073,-85.7255,49544
67.223.219.78,Pennsylvania,41.3244,-80.4197,16154
69.20.170.241,Idaho,43.4736,-112.0201,83404
199.241.180.253,South Carolina,33.8632,-81.2351,29073
50.197.140.141,California,38.5138,-122.4619,94574
173.224.26.31,Nebraska,42.0326,-97.4265,68701
12.121.117.201,Florida,25.7741,-80.1817,33102
50.241.0.98,Georgia,34.2319,-84.1627,30040
198.99.193.1,Tennessee,35.0463,-85.3161,37402
66.220.18.42,California,37.6736,-122.0944,94541
63.138.232.37,Florida,26.0168,-80.1537,33020
24.75.156.4,Florida,29.2573,-82.161,34475
65.19.133.82,North Dakota,46.8907,-96.9258,58078
72.18.139.227,Colorado,39.7501,-104.9957,80202
129.7.81.40,Texas,29.8365,-95.4363,77204
174.79.203.109,Kansas,39.1918,-96.5818,66502
63.138.232.36,Florida,26.0168,-80.1537,33020
64.139.112.62,Washington,48.7194,-119.3943,98855
151.164.110.73,Texas,29.772,-95.3644,77002
206.126.32.101,Texas,32.9247,-96.8917,75234
38.132.106.139,New York,40.7105,-74.0129,10006
192.195.100.3,Louisiana,30.5201,-91.1949,70813
216.52.126.33,Maryland,39.0828,-77.1674,20850
192.195.100.4,Louisiana,30.5201,-91.1949,70813
66.63.160.2,California,34.0549,-118.2578,90014
208.110.200.4,Texas,29.772,-95.3644,77002
173.234.56.115,Illinois,41.7888,-88.0916,60532
8.26.56.26,Ohio,40.077,-83.181,43002
216.52.169.33,Texas,29.6321,-95.3416,77048
198.82.247.66,Virginia,37.1791,-80.3515,24061
151.202.0.84,New York,40.7145,-74.0029,10118
216.12.255.2,Texas,30.1826,-97.7394,78744
69.28.104.5,California,33.8782,-117.9567,92833
216.12.255.1,Texas,30.1826,-97.7394,78744
204.116.57.2,South Carolina,33.998,-81.03,29201
216.52.190.1,Texas,32.9189,-96.7751,75251
151.203.0.85,New York,42.7841,-73.9094,12304
104.155.28.90,California,37.4043,-122.0748,94043
151.197.0.39,Pennsylvania,40.4441,-75.345,18951
172.98.193.42,Ohio,41.3872,-82.7994,44824
199.45.32.38,New York,42.247,-73.7552,12534
151.197.0.38,Pennsylvania,40.4441,-75.345,18951
216.116.96.2,California,33.8104,-118.3531,90505
199.45.32.43,New York,42.247,-73.7552,12534
64.233.207.16,Illinois,42.2168,-88.2445,60013
151.202.0.85,New York,40.7145,-74.0029,10118
184.105.193.73,California,37.9678,-120.2357,95379
64.233.207.2,Illinois,42.2168,-88.2445,60013
65.203.109.2,Texas,33.5134,-101.8818,79423
8.26.56.10,Ohio,40.077,-83.181,43002
141.155.0.68,New York,40.7145,-74.0029,10118
66.216.18.222,New York,40.7308,-73.9975,10011
151.197.0.37,Pennsylvania,40.4441,-75.345,18951
151.203.0.84,New York,42.7841,-73.9094,12304
216.131.65.63,California,37.7751,-122.4193,94119
151.201.0.38,Pennsylvania,40.9958,-80.3264,16101
216.131.65.60,California,37.7751,-122.4193,94119
151.201.0.39,Pennsylvania,40.9958,-80.3264,16101
129.115.102.150,Texas,29.5652,-98.6145,78249
207.172.11.73,Pennsylvania,40.6568,-75.3912,18017
151.196.0.37,Maryland,39.0715,-76.6963,21113
151.196.0.38,Maryland,39.0715,-76.6963,21113
207.68.32.39,Maryland,39.0828,-77.1674,20850
207.68.32.38,Maryland,39.0828,-77.1674,20850
207.172.11.72,Pennsylvania,40.6568,-75.3912,18017
141.154.0.68,Massachusetts,42.312,-71.1081,02130
151.199.0.39,Virginia,37.1362,-80.4125,24073
160.7.240.20,Utah,40.1027,-111.6449,84660
165.227.185.250,New Jersey,40.8364,-74.1403,07014
209.216.160.2,Oregon,45.4817,-122.4156,97080
35.238.229.96,Virginia,38.6583,-77.2481,None
198.60.22.22,Utah,40.2783,-111.7198,84058
172.104.237.57,Pennsylvania,39.9476,-75.1474,19106
68.179.203.94,Washington,47.1704,-122.5888,98388
24.107.75.70,Missouri,38.6313,-90.6141,63005
64.64.110.10,Alabama,33.9259,-86.4741,35121
50.116.17.96,Texas,32.7787,-96.8217,75270
198.199.103.49,California,37.7353,-122.3732,94124
98.118.253.108,Virginia,39.0127,-77.5342,20148
198.251.90.114,Wyoming,41.1034,-104.9059,82001
69.162.109.44,Texas,32.7767,-96.805,75202
157.230.203.178,New Jersey,40.793,-74.0247,07047
24.181.107.231,Alabama,32.4217,-86.275,36110
64.84.120.2,Pennsylvania,39.9101,-77.5253,17222
97.64.136.6,Iowa,40.7581,-95.3648,51601
23.92.209.251,New York,43.1702,-77.6923,14606
66.190.210.159,Louisiana,30.4941,-90.4751,70403
142.93.253.33,New Jersey,40.793,-74.0247,07047
23.92.209.252,New York,43.1702,-77.6923,14606
74.80.201.1,California,33.7372,-117.8232,92780
104.236.140.123,California,37.7353,-122.3732,94124
71.189.141.5,California,34.0282,-117.0372,92399
63.147.225.241,Arizona,33.6276,-112.0511,85022
173.24.26.234,Iowa,42.0405,-92.9127,50158
50.83.160.214,Iowa,40.8113,-91.1156,52601
173.28.137.179,Iowa,41.5749,-90.6087,52806
63.144.245.46,Florida,28.774,-81.6439,32757
216.207.227.198,Montana,46.8522,-114.0214,59801
63.233.55.158,Colorado,39.842,-105.1101,80005
173.87.93.195,California,39.5353,-122.2597,95988
216.12.233.112,Texas,30.2623,-97.7465,78713
66.112.85.194,Alabama,33.5986,-86.3434,35125
173.19.21.211,Indiana,41.2809,-86.6082,46534
173.16.208.137,Georgia,31.6812,-84.1593,31763
50.82.237.12,Minnesota,46.7546,-92.5408,55720
140.211.14.53,Oregon,44.5928,-123.2746,97330
204.98.249.54,Oregon,44.991,-122.7627,97381
173.16.173.40,Iowa,41.593,-93.8592,50263
50.225.132.2,Texas,29.6254,-95.375,77047
65.46.43.210,Colorado,39.7586,-104.9179,80207
96.95.146.1,Oregon,45.5135,-122.5041,97233
173.26.110.46,Alabama,34.7777,-86.5445,35811
67.135.166.1,Colorado,39.1032,-108.5491,81506
184.102.206.18,New Jersey,40.9695,-74.9777,07825
104.231.233.126,Wisconsin,43.0503,-88.045,53226
50.82.185.179,Iowa,41.9769,-91.7084,52405
63.235.118.110,Colorado,39.7388,-104.9868,80238
71.197.129.41,Washington,47.6462,-117.2657,99206
173.18.116.107,Alabama,30.5012,-87.8795,36532
74.117.96.1,Ohio,41.0628,-82.7288,44890
67.129.133.54,Idaho,43.6138,-116.3972,83642
50.81.92.129,Arizona,33.4001,-111.5028,85119
173.19.75.133,Delaware,38.5177,-75.2006,19945
66.3.183.46,New York,40.8777,-73.908,10463
75.97.166.227,Pennsylvania,40.2563,-75.8344,19508
67.106.219.30,Georgia,33.8019,-84.3861,30309
173.187.123.126,Georgia,34.7589,-84.7943,30705
68.64.228.251,Texas,31.7584,-106.4783,79901
100.32.119.6,California,33.7515,-118.367,90275
173.23.117.61,Iowa,40.8113,-91.1156,52601
63.232.39.150,Illinois,41.9703,-87.664,60640
64.75.236.105,Hawaii,21.4337,-158.1767,96792
63.158.224.38,Colorado,39.7065,-104.9289,80246
50.81.5.185,Iowa,41.9504,-91.6897,52404
67.63.145.82,Alabama,34.6679,-86.5603,35802
173.20.79.27,Alabama,31.0572,-87.4873,36502
63.234.5.86,Colorado,40.3294,-104.8552,80543
75.100.27.236,Colorado,39.7814,-104.2683,80136
63.234.1.18,Tennessee,36.3996,-82.4523,37615
65.38.160.47,Alabama,32.6542,-86.0316,36024
173.27.133.41,Indiana,39.9714,-86.1295,46032
65.113.146.150,Arizona,32.8946,-111.7493,85122
173.31.247.121,Georgia,30.946,-83.2474,31605
173.17.58.23,Georgia,31.4619,-83.5873,31793
173.30.58.146,Iowa,42.5144,-90.693,52001
50.73.241.61,Florida,30.5518,-81.8181,32011
50.200.192.98,Texas,30.0729,-95.8104,77447
173.17.57.146,Georgia,31.4639,-83.4999,31794
63.158.67.130,Idaho,43.6342,-116.341,83713
72.166.87.222,Minnesota,44.9007,-93.5791,55331
173.24.109.177,Iowa,41.5356,-90.616,52804
75.103.148.253,Indiana,39.6495,-86.8686,46135
75.129.175.32,Tennessee,36.213,-86.3011,37087
166.168.58.140,Texas,32.3987,-100.8609,79512
204.116.89.122,South Carolina,34.797,-80.9891,29712
67.20.140.137,South Carolina,32.1665,-80.7569,29928
173.17.33.32,Illinois,39.4849,-88.1805,61920
50.82.71.31,Iowa,41.5749,-90.6087,52806
206.196.106.163,Missouri,38.6273,-90.1979,63150
173.19.202.100,Illinois,39.7995,-88.2816,61953
63.149.12.161,Iowa,41.7136,-93.6221,50023
170.215.106.189,Minnesota,44.9066,-93.7479,55375
173.24.104.34,Iowa,41.5516,-90.5017,52722
184.101.232.130,Arizona,33.4889,-112.2173,85033
173.26.3.217,Minnesota,46.8147,-92.1998,55811
65.101.167.207,Iowa,41.6244,-93.6694,50310
65.120.163.122,Missouri,37.684,-94.2548,64784
24.43.146.190,California,34.3046,-118.6844,93063
74.212.35.78,Pennsylvania,41.7638,-76.4645,18848
173.21.196.64,Illinois,39.4796,-88.3755,61938
104.166.193.173,Missouri,38.9336,-92.363,65203
50.73.137.88,Florida,26.7165,-80.0679,33401
67.210.227.212,Texas,32.7889,-96.8021,75201
173.240.25.110,Minnesota,44.9382,-93.6561,55364
74.83.160.221,Ohio,39.2351,-84.4582,45215
76.101.236.207,Florida,26.5337,-81.7062,33913
96.68.177.173,California,37.5659,-122.3661,94010
97.94.223.146,Texas,32.7611,-97.3318,76102
173.20.60.119,Florida,30.4212,-86.8926,32566
173.25.54.86,Missouri,37.1795,-94.555,64834
50.232.65.154,Pennsylvania,39.9489,-75.1661,19102
74.218.135.54,Ohio,40.1149,-82.9054,43081
45.63.106.115,Florida,25.8119,-80.2318,33142
50.206.78.130,Colorado,39.7291,-105.1897,80401
50.77.144.165,Illinois,41.813,-87.8236,60534
173.21.232.128,Minnesota,46.8147,-92.1998,55811
74.41.103.165,Nebraska,40.1052,-98.9469,68939
108.41.50.77,New York,40.7503,-74.0014,10001
204.98.233.70,Colorado,39.6512,-106.3234,81657
64.132.249.14,Georgia,33.8842,-84.3761,30342
204.98.233.2,Colorado,39.6512,-106.3234,81657
50.81.241.134,Missouri,37.2117,-93.299,65802
73.96.32.56,Oregon,45.3993,-122.6079,97267
50.82.4.52,Kentucky,36.8806,-88.3548,42025
66.226.72.35,Kansas,38.9588,-94.644,66207
184.175.187.180,Michigan,43.6055,-84.7796,48858
63.235.54.226,Louisiana,30.8892,-90.4728,70444
71.33.199.246,Colorado,39.7586,-104.9179,80207
173.31.215.164,Minnesota,44.9007,-93.5791,55331
50.81.19.107,Alabama,34.9496,-86.5935,35750
96.95.98.66,Illinois,41.8379,-87.8213,60546
104.37.71.254,Illinois,37.8245,-88.9209,62951
68.57.205.245,Indiana,40.7492,-86.068,46970
66.162.246.118,Hawaii,21.3266,-157.8621,96817
50.206.226.94,Pennsylvania,40.1386,-75.2022,19034
50.241.49.245,Minnesota,44.8427,-93.2363,55425
63.239.22.161,Utah,40.3969,-111.7919,84003
208.123.140.136,Colorado,38.804,-102.8198,80825
50.80.64.139,Georgia,31.5464,-84.0783,31705
75.146.174.185,Minnesota,45.0116,-93.0351,55109
75.164.161.237,Oregon,45.4887,-122.5091,97236
173.26.113.25,Illinois,41.3526,-88.8416,61350
216.176.82.148,Illinois,39.5489,-89.2945,62568
73.169.3.44,Colorado,38.7893,-104.8221,80906
98.186.225.2,California,32.7651,-117.1276,92116
50.81.62.171,Missouri,37.1661,-93.2458,65804
73.218.181.196,Massachusetts,42.1094,-71.1759,02067
173.30.75.238,Iowa,42.0441,-91.6006,52302
65.112.194.241,Colorado,39.6738,-104.9324,80222
65.120.239.105,Washington,47.6137,-122.3104,98122
63.158.208.9,Minnesota,44.9264,-93.2818,55409
66.193.162.66,Georgia,34.0034,-84.4605,30062
66.3.178.78,Texas,29.643,-95.6443,77498
65.174.220.114,Florida,26.4543,-80.1337,33484
209.66.118.38,California,34.003,-118.4298,90066
173.17.15.207,Iowa,41.6092,-93.6,50316
70.133.85.254,California,38.913,-121.0846,95603
205.179.8.178,Colorado,40.1559,-105.1624,80503
205.201.217.138,Colorado,39.6618,-106.9671,81637
97.104.22.90,Florida,29.5554,-81.2207,32137
65.126.51.38,Washington,47.6176,-122.1424,98007
50.82.126.170,Iowa,41.5516,-90.5017,52722
108.1.94.154,Pennsylvania,42.1553,-80.0177,16511
73.14.250.182,Colorado,39.7501,-104.9957,80202
50.81.174.46,Florida,30.671,-87.1737,32571
50.81.65.131,Delaware,38.6572,-75.2545,19966
76.191.19.241,Illinois,40.112,-88.2365,61820
173.22.87.58,Iowa,41.9843,-91.6259,52403
209.201.15.54,Arizona,35.2563,-111.95,86018
173.16.101.99,Kansas,38.7953,-95.2276,66006
32.217.149.146,Connecticut,41.3347,-72.3086,06371
63.234.116.234,Missouri,38.5773,-92.2443,65109
173.28.232.122,Georgia,32.5304,-84.9316,31909
108.58.128.173,New Jersey,40.918,-73.9619,07670
173.26.0.176,Minnesota,46.8147,-92.1998,55811
173.23.137.191,Iowa,42.0493,-91.7263,52411
50.203.223.122,Colorado,40.5377,-105.0546,80525
65.126.50.186,Florida,27.1861,-81.8667,34266
75.166.4.129,Colorado,39.642,-104.8958,80237
63.235.92.38,New York,40.731,-73.6742,11040
96.89.70.162,Georgia,33.5492,-84.3938,30274
63.233.86.70,Arizona,33.4935,-111.9211,85251
173.17.12.112,Iowa,41.6092,-93.6,50316
71.224.208.90,Pennsylvania,40.0021,-75.2724,19096
173.16.9.34,Illinois,39.7343,-90.2291,62650
63.156.192.222,Minnesota,44.9856,-93.2655,55401
173.24.188.176,Iowa,42.5285,-94.5304,50563
50.82.102.177,Kentucky,36.7236,-85.7009,42167
64.223.67.209,New Hampshire,43.5496,-71.6003,03269
75.164.66.146,Washington,45.7846,-122.6934,98642
173.25.212.84,Illinois,37.8019,-89.0232,62948
149.28.53.60,New York,40.6799,-74.0028,11231
104.166.232.76,Missouri,38.5773,-92.2443,65109
96.61.235.42,Wisconsin,43.1205,-89.3523,53704
65.126.50.182,Florida,27.1861,-81.8667,34266
209.201.28.194,Washington,47.626,-122.0404,98074
138.128.160.110,Florida,28.5807,-81.1893,32826
209.201.19.110,Iowa,43.0683,-92.6761,50616
162.239.153.157,Florida,25.7267,-80.4496,33185
107.1.54.150,New Jersey,40.852,-74.2842,07006
204.148.135.6,California,37.7771,-122.406,94103
67.134.162.30,Colorado,40.5377,-105.0546,80525
173.26.63.105,Indiana,41.2249,-85.0301,46765
72.166.87.118,Minnesota,44.9007,-93.5791,55331
107.198.16.10,Texas,33.1794,-96.9538,75068
63.229.61.34,North Carolina,36.3301,-78.3981,27536
173.21.46.213,Indiana,41.2842,-85.8547,46582
71.233.138.157,Massachusetts,42.1177,-72.6445,01089
173.25.208.141,Illinois,37.8979,-88.9307,62896
173.19.65.48,Florida,30.3659,-86.2458,32459
50.224.197.147,Washington,47.7497,-122.2159,98011
209.201.35.202,California,33.6748,-117.9089,92626
23.254.147.220,Washington,47.4902,-122.3004,98168
71.206.72.42,Florida,24.5615,-81.7818,33040
209.54.23.220,Nebraska,42.5403,-99.8615,69210
64.113.61.145,Georgia,33.5637,-84.2112,30281
65.114.194.33,Colorado,40.3658,-105.5142,80517
63.232.84.241,Arizona,33.5922,-112.0029,85028
173.76.34.83,Massachusetts,42.4217,-71.3137,01773
198.210.106.73,Kansas,38.8789,-99.3392,67601
108.60.132.198,New York,40.7145,-74.0029,10075
216.68.176.162,Kentucky,39.03,-84.559,41017
173.19.1.122,Missouri,37.1661,-93.2458,65804
73.69.248.192,New Hampshire,43.6447,-72.2428,03766
206.174.42.153,Alaska,61.2116,-149.8761,99501
173.20.130.214,Georgia,30.9039,-84.569,39819
108.174.112.229,Montana,46.2395,-114.1679,59840
173.31.24.43,Iowa,41.6122,-93.5296,50317
166.130.64.81,Georgia,33.7485,-84.3871,30301
173.17.180.213,Illinois,40.3107,-88.1462,61866
206.81.96.14,California,38.2901,-122.2828,94559
70.164.194.106,Florida,29.6475,-82.404,32607
50.73.98.166,Illinois,42.1124,-87.979,60004
75.147.122.145,Pennsylvania,39.9206,-75.1826,19145
173.19.248.158,Illinois,39.7533,-89.58,62712
71.249.127.16,New York,40.7359,-73.9904,10003
128.2.201.13,Pennsylvania,40.4442,-79.9557,15213
67.166.57.2,Colorado,39.8401,-105.0027,80221
206.212.241.14,Indiana,41.6227,-86.2452,46614
173.19.88.237,Illinois,40.1487,-88.9627,61727
67.134.169.33,Colorado,39.7277,-104.9815,80203
173.19.93.60,Missouri,37.2117,-93.299,65802
63.147.6.177,New Jersey,40.2459,-74.2813,07728
63.156.3.22,Iowa,42.7271,-93.7277,50525
173.210.32.162,Ohio,41.0508,-80.5985,44471
173.28.230.191,Georgia,32.4783,-84.8985,31907
207.225.69.145,Oregon,45.4972,-122.6937,97239
97.107.98.66,South Carolina,34.381,-81.109,29180
74.90.100.76,New Jersey,40.3012,-74.178,07722
173.18.4.20,Iowa,41.3391,-94.0088,50273
173.17.88.100,Tennessee,36.1868,-86.5067,37122
50.81.16.114,California,33.249,-117.0122,92082
104.166.224.76,Missouri,38.5773,-92.2443,65109
173.16.5.16,Iowa,41.9843,-91.6259,52403
64.223.222.193,New Hampshire,42.963,-72.2929,03431
63.239.28.242,Hawaii,21.3195,-157.8525,96813
173.20.61.192,Florida,30.4212,-86.8926,32566
173.17.197.122,Minnesota,44.8668,-93.5383,55317
173.22.19.42,Georgia,31.5105,-84.3087,31721
73.79.80.183,Pennsylvania,40.4725,-79.9109,15206
72.166.87.162,Minnesota,44.9007,-93.5791,55331
173.30.63.190,Iowa,42.5144,-90.693,52001
8.9.5.235,New Jersey,40.5511,-74.4606,08854
173.25.255.203,Alabama,34.7777,-86.5445,35811
209.213.156.142,Oklahoma,35.2502,-96.9667,74873
71.194.95.158,Indiana,41.6349,-87.4627,46312
63.156.252.38,Arizona,33.3967,-111.6545,85208
173.16.20.153,Illinois,39.7343,-90.2291,62650
209.201.127.10,Ohio,41.46,-82.1748,44052
208.46.74.177,Colorado,39.997,-105.0974,80026
72.89.24.20,New York,40.6643,-73.9763,11215
97.68.53.251,Florida,29.0039,-82.1887,34473
50.252.61.60,Texas,29.7545,-95.4093,77019
107.13.186.154,North Carolina,35.7109,-78.6594,27603
63.226.114.178,Utah,40.5452,-112.2973,84074
198.98.49.249,New York,42.8864,-78.8784,14205
208.104.76.10,South Carolina,34.9672,-81.0491,29732
173.190.236.1,Nebraska,40.7597,-96.6542,68516
207.231.222.131,Florida,25.8799,-80.3364,33016
73.247.91.147,Illinois,42.2309,-88.3379,60014
63.234.89.6,Colorado,40.5447,-105.1069,80526
67.148.255.158,Oregon,44.8468,-123.1901,97351
173.31.229.66,Florida,30.6092,-84.4143,32333
76.72.16.158,Louisiana,30.181,-92.0477,70503
50.81.169.118,Alabama,31.0974,-88.035,36560
64.80.233.226,Massachusetts,42.3091,-71.8001,01606
209.201.45.174,Idaho,43.6138,-116.3972,83642
75.166.248.143,Colorado,39.6124,-104.8804,80111
75.162.163.187,Iowa,41.7136,-93.6221,50023
155.68.1.100,Pennsylvania,40.0651,-76.3356,17604
96.255.250.228,Virginia,38.8976,-77.5109,20152
207.108.183.129,Utah,40.7038,-111.5437,84098
174.65.16.90,California,32.7258,-116.9933,91977
108.6.51.50,New York,40.7852,-73.8098,11357
204.132.111.241,Colorado,39.5407,-104.9708,80126
69.58.46.2,Michigan,41.9217,-85.4963,49032
199.223.125.30,Oregon,45.5192,-122.6901,97205
67.148.184.58,Iowa,42.5144,-90.693,52001
96.57.182.4,New Jersey,40.8185,-74.1589,07110
173.30.38.249,Iowa,43.0683,-92.6761,50616
204.26.120.81,Minnesota,45.0123,-93.3447,55422
199.231.112.246,Idaho,47.7248,-116.789,83815
173.20.164.171,Iowa,41.593,-93.8592,50263
63.235.90.81,Colorado,39.7671,-105.0452,80212
173.172.7.200,Texas,33.1371,-96.7488,75035
73.14.94.9,Colorado,40.5377,-105.0546,80525
184.15.229.74,West Virginia,39.2954,-80.2427,26330
216.12.230.116,Texas,30.5045,-97.8209,78613
173.21.143.28,Georgia,32.5109,-84.9794,31904
173.20.102.16,Iowa,42.0228,-91.6572,52402
216.106.1.254,Missouri,38.9933,-92.3078,65202
65.114.85.242,Illinois,41.9462,-88.0758,60108
63.235.91.86,Colorado,40.4961,-105.0002,80528
63.232.19.90,Washington,47.6859,-122.2994,98115
173.16.21.111,Georgia,32.2084,-83.186,31023
72.19.153.28,Colorado,40.5273,-104.7146,80615
71.33.205.60,Colorado,39.8661,-104.9197,80229
24.35.172.246,Missouri,38.4125,-94.3683,64720
63.156.147.206,Minnesota,45.0139,-93.1545,55113
72.166.22.241,Arkansas,35.2788,-91.3527,72006
100.43.253.98,California,33.9952,-117.5219,91752
107.1.33.120,New Jersey,40.0305,-74.9528,08075
104.237.228.157,Delaware,39.7356,-75.5516,19801
208.118.144.236,Minnesota,46.0189,-92.8993,55037
173.28.120.103,Arizona,31.5084,-111.0757,85648
107.12.62.31,North Carolina,34.2283,-77.9519,28401
142.154.130.22,Alabama,31.2653,-85.3992,36303
173.16.151.20,Georgia,32.0404,-84.2153,31709
173.23.65.245,Iowa,42.0373,-93.6005,50010
65.98.135.158,California,34.1483,-118.0016,91016
173.22.26.201,Florida,29.7255,-85.0063,32320
64.128.89.174,Idaho,43.6349,-116.2023,83702
65.120.142.102,Arkansas,34.2853,-91.3336,72042
173.17.174.148,North Carolina,35.8994,-76.5809,27970
50.83.103.228,Iowa,41.6941,-91.5939,52241
63.233.230.194,Arizona,33.6194,-111.9556,85254
72.250.128.217,Montana,47.1008,-104.7287,59330
212.54.151.205,New Jersey,40.4981,-74.3194,08837
173.93.41.97,North Carolina,34.1632,-77.8723,28409
98.109.164.249,New Jersey,40.8539,-74.6536,07876
65.60.84.97,California,34.0121,-117.6883,91710
65.122.72.182,Indiana,39.8499,-86.2649,46254
216.218.69.184,South Carolina,33.9133,-80.3587,29150
68.105.173.153,Florida,29.6959,-82.4042,32606
23.216.53.242,Texas,29.8738,-95.5233,77040
73.156.211.131,Florida,26.1883,-81.7071,34116
65.122.151.129,Oregon,44.9947,-123.0147,97303
209.239.180.82,New Jersey,40.7667,-74.0311,07087
65.120.227.2,Iowa,41.5749,-90.6087,52806
173.16.253.134,California,39.05,-122.9317,95453
96.61.228.146,Wisconsin,44.7997,-89.6845,54455
74.142.198.2,Ohio,39.9275,-82.0032,43701
173.23.191.13,Georgia,31.5105,-84.3087,31721
208.69.90.2,Michigan,42.5982,-83.1167,48085
50.83.220.148,Illinois,41.7741,-88.4397,60554
63.156.125.74,Indiana,39.0719,-84.9452,47001
216.166.140.1,Montana,47.5075,-111.3417,59404
173.50.209.178,Maryland,39.4442,-77.3393,21701
71.199.187.227,Georgia,33.8775,-84.5017,30080
173.22.3.106,Minnesota,44.0834,-93.5108,56093
173.25.124.153,Minnesota,44.7098,-93.4129,55372
63.235.160.153,Virginia,37.5833,-78.5985,23921
104.254.163.233,California,33.7389,-117.748,92602
173.30.169.222,Indiana,40.8273,-84.9314,46733
67.176.84.170,Colorado,39.8295,-105.0632,80003
67.129.133.26,Idaho,43.6138,-116.3972,83642
67.199.132.65,California,34.0729,-118.2606,90012
76.6.90.36,Texas,32.1275,-96.2298,75144
108.14.96.132,New York,40.66,-73.839,11414
67.168.226.239,Oregon,45.5496,-122.5044,97230
24.187.201.38,New York,40.8225,-73.2035,11788
173.19.87.81,Alabama,31.2799,-86.2571,36467
71.208.180.168,Florida,26.6909,-81.9483,33909
173.16.240.250,Indiana,41.3482,-85.4142,46701
173.13.77.18,New Hampshire,43.1888,-70.8868,03820
173.18.50.118,Georgia,32.0404,-84.2153,31709
70.121.3.237,Texas,33.1494,-96.828,75034
173.22.130.24,Missouri,38.5773,-92.2443,65109
50.83.217.49,Illinois,41.8824,-88.4611,60119
63.233.96.242,Minnesota,45.2956,-93.8023,55362
152.179.60.66,Pennsylvania,40.185,-75.0041,18966
173.27.185.112,Florida,30.4003,-87.0288,32563
65.122.255.129,Oregon,44.0645,-123.1461,97402
173.18.154.160,Georgia,30.8936,-83.3235,31602
173.18.221.186,Georgia,32.4783,-84.8985,31907
65.112.26.121,Washington,47.6008,-122.3248,98104
207.183.187.238,Idaho,43.6148,-111.1259,83455
108.186.64.125,California,37.3387,-121.8914,95113
65.73.35.46,Nebraska,40.1052,-98.9469,68939
184.54.157.124,Ohio,39.1191,-84.349,45244
173.21.73.132,Iowa,41.7441,-91.6132,52317
173.20.237.117,Alabama,30.2717,-87.7589,36542
63.232.109.242,Nevada,35.9025,-115.1789,89044
173.19.90.222,Illinois,41.3526,-88.8416,61350
173.18.96.170,Indiana,41.1387,-87.4454,46349
50.80.73.191,Alabama,30.5012,-87.8795,36532
50.204.174.58,New Hampshire,42.8356,-71.0934,03865
71.192.172.145,Massachusetts,42.3634,-71.0713,02114
173.20.0.63,Kentucky,36.8564,-87.6545,42232
38.104.66.70,New York,40.7683,-73.9802,10019
173.25.170.49,Missouri,37.168,-93.3039,65807
216.14.17.33,California,34.2278,-118.442,91402
73.231.253.2,California,37.3773,-122.0194,94086
173.19.63.230,Missouri,37.1661,-93.2458,65804
96.46.255.17,Florida,26.2281,-80.1648,33069
173.17.162.2,Mississippi,30.2956,-89.4632,39520
71.253.97.227,Pennsylvania,41.8939,-79.8455,16438
173.21.68.22,Iowa,41.7441,-91.6132,52317
74.197.4.32,Texas,31.4795,-100.485,76901
50.122.217.33,New York,41.0629,-74.0159,10965
173.22.39.11,Illinois,41.3526,-88.8416,61350
108.18.95.104,Virginia,38.8574,-77.1,22204
24.44.115.175,New Jersey,40.1456,-74.2147,07731
216.106.160.131,Florida,25.7349,-80.2228,33133
204.26.118.214,Minnesota,44.9618,-93.2638,55404
50.243.45.121,Pennsylvania,39.9486,-75.2339,19143
75.65.236.120,Mississippi,32.4699,-90.1102,39110
74.5.110.25,Texas,32.2151,-95.79,75752
40.135.94.121,Oklahoma,34.7538,-94.6391,74939
173.26.73.124,Illinois,39.1217,-88.5611,62401
96.79.0.41,Illinois,41.8719,-87.6589,60607
173.29.46.26,Iowa,41.5516,-90.5017,52722
63.237.218.126,Arizona,33.7001,-111.8877,85255
67.129.133.50,Idaho,43.6138,-116.3972,83642
72.14.82.117,Louisiana,30.596,-91.6165,70732
65.46.46.22,Colorado,39.7501,-104.9957,80202
172.91.130.56,California,34.0271,-118.5035,90403
71.105.92.194,New York,40.7589,-73.9913,10018
74.136.49.130,Kentucky,38.0052,-84.423,40509
24.139.34.55,Oklahoma,34.6196,-98.4543,73505
68.194.163.217,New York,40.598,-73.9467,11229
216.111.122.154,Oregon,45.4125,-122.7241,97035
67.134.175.137,Colorado,39.9038,-104.9419,80233
67.106.34.62,District of Columbia,38.9091,-77.0203,20001
173.30.120.201,Florida,30.3659,-86.2458,32459
98.207.5.204,California,37.6811,-122.4806,94015
209.201.31.242,Colorado,39.7321,-104.9555,80206
173.28.238.98,Georgia,32.5304,-84.9316,31909
173.21.7.140,Alabama,31.9067,-87.7598,36784
50.81.94.136,Iowa,41.5385,-90.5613,52803
97.94.216.114,Texas,32.7192,-97.4505,76116
173.25.86.42,Illinois,41.4688,-90.1711,61254
73.197.156.172,New Jersey,39.638,-74.7728,08037
173.30.87.185,Illinois,41.4946,-90.5675,61201
173.29.55.235,Iowa,41.5356,-90.616,52804
69.69.22.119,Florida,28.6611,-82.1553,33513
199.44.236.189,Florida,30.4802,-83.4067,32340
50.81.188.157,California,38.8915,-122.5914,95457
192.64.114.151,California,34.0318,-118.4252,90064
173.21.192.215,Illinois,39.007,-87.7484,62454
173.20.221.245,California,35.669,-118.457,93240
23.216.52.68,Texas,29.8738,-95.5233,77040
50.81.157.105,Illinois,39.7995,-88.2816,61953
69.3.76.104,Arizona,33.3661,-111.9345,85283
38.109.190.6,Indiana,40.3044,-86.4689,46041
204.133.175.9,Colorado,39.7593,-104.9651,80205
104.37.108.224,Pennsylvania,39.9544,-75.1657,None
173.18.153.185,Georgia,30.8936,-83.3235,31602
50.81.198.25,Delaware,38.5177,-75.2006,19945
204.13.152.3,California,34.413,-118.4269,91387
65.127.45.201,Virginia,38.1296,-78.7106,22932
107.173.50.241,New York,42.8864,-78.8781,14202
173.21.11.114,Iowa,42.5144,-90.693,52001
204.15.207.5,Florida,25.9843,-80.2149,33023
173.16.200.88,Georgia,32.4783,-84.8985,31907
173.20.236.46,Alabama,30.2717,-87.7589,36542
67.210.146.13,Texas,33.4235,-96.3398,75490
63.234.208.66,Florida,26.2729,-80.26,33065
216.156.100.218,Washington,47.1125,-122.5891,98433
23.91.11.91,California,34.0233,-117.8512,91789
99.117.227.198,Wisconsin,42.974,-88.1553,53146
137.118.214.203,North Carolina,36.1916,-81.0004,28669
173.17.68.222,Illinois,40.3107,-88.1462,61866
173.29.149.212,Iowa,41.5385,-90.5613,52803
216.245.217.26,Texas,32.7767,-96.805,75202
173.25.147.10,Georgia,30.8936,-83.3235,31602
173.163.75.197,Pennsylvania,39.8556,-76.7383,17360
68.50.247.93,Indiana,41.0909,-85.1605,46808
67.252.45.41,New York,42.8444,-78.8149,14220
209.201.31.10,Colorado,39.7321,-104.9555,80206
173.30.149.51,North Carolina,36.0908,-76.6224,27932
67.42.87.217,Washington,47.3607,-122.6001,98332
173.16.10.143,Alabama,32.7167,-87.5905,36744
71.206.204.158,Pennsylvania,40.5662,-79.7078,15068
75.77.157.35,Florida,28.6529,-81.2106,32765
76.95.240.173,California,34.0634,-118.4667,90049
50.226.128.146,Connecticut,41.8315,-72.7198,06002
104.36.242.73,Washington,48.799,-122.4499,98226
97.113.166.240,Washington,47.6137,-122.3104,98122
173.0.98.234,Virginia,37.9072,-76.4178,22473
173.19.228.52,Iowa,42.5144,-90.693,52001
173.20.242.54,Maryland,38.3475,-75.1866,21811
173.16.216.123,Iowa,42.0441,-91.6006,52302
104.245.184.100,North Carolina,35.4438,-77.6956,28580
173.27.232.124,Iowa,41.5487,-93.5827,50320
70.164.201.82,Kansas,37.1699,-94.8899,66725
173.18.249.237,Georgia,32.5109,-84.9794,31904
216.70.234.106,California,32.9511,-117.2241,92130
24.240.189.78,Missouri,38.2003,-92.6684,65049
209.188.82.25,Michigan,42.7348,-84.6245,48917
140.198.242.62,Arizona,33.4306,-111.9256,85281
205.174.48.234,Alabama,33.831,-85.7752,36265
130.160.0.102,Alabama,33.3072,-87.5859,35487
65.61.188.4,Texas,29.5042,-98.5697,78229
144.30.1.102,Arkansas,34.7456,-92.3419,72205
144.167.10.1,Arkansas,34.7269,-92.344,72204
192.245.221.5,Alabama,30.6962,-88.1821,36688
208.90.104.111,Arkansas,34.3657,-92.8118,72104
208.90.108.6,Arkansas,35.9918,-94.3169,72753
140.198.64.98,Arizona,33.4306,-111.9256,85281
70.39.150.2,California,33.956,-118.3887,90045
96.30.7.146,Michigan,42.7348,-84.6245,48917
136.168.1.4,California,35.3044,-119.1031,93311
52.26.131.47,Oregon,45.8491,-119.7143,97818
54.201.38.106,Oregon,45.8491,-119.7143,97818
207.62.235.40,California,37.6844,-122.438,94014
50.116.92.18,Texas,29.8284,-95.4696,77092
147.144.1.247,California,37.78,-122.465,94118
165.196.14.200,California,38.5879,-121.4053,95825
153.18.96.1,California,37.3793,-122.12,94022
74.124.210.242,California,34.0125,-118.4682,90405
151.112.124.10,California,34.0544,-117.2555,92354
198.189.14.3,California,37.6566,-121.0191,95352
63.251.20.102,New York,40.7145,-74.0029,10004
205.155.65.11,California,36.5802,-121.8443,93940
134.173.254.23,California,34.1091,-117.7126,91711
165.196.14.201,California,38.5879,-121.4053,95825
209.129.85.5,California,33.6124,-117.6401,92692
192.185.16.76,Texas,29.8284,-95.4696,77092
129.210.1.11,California,37.3498,-121.9378,95053
207.62.234.180,California,37.3177,-122.0438,95014
192.254.233.175,Texas,29.8284,-95.4696,77092
64.136.190.4,California,34.4353,-119.6158,93108
216.15.129.3,Missouri,38.6364,-90.1985,63101
128.138.130.30,Colorado,40.0176,-105.2687,80309
72.166.224.2,Colorado,39.0761,-108.5451,81501
192.185.22.241,Texas,29.8284,-95.4696,77092
158.106.188.2,Texas,32.8137,-96.8704,75247
131.91.100.194,Florida,26.3796,-80.1029,33431
169.139.115.4,Florida,26.5544,-81.9021,33919
74.209.244.2,Virginia,38.8976,-77.5109,20152
128.8.10.14,Maryland,38.9896,-76.9457,20742
8.6.245.30,Florida,28.6344,-81.6221,None
192.223.10.56,Tennessee,35.1996,-84.8525,37312
192.232.249.112,Texas,29.8284,-95.4696,77092
184.154.227.181,Illinois,41.8777,-87.6376,60604
147.70.29.44,Florida,25.6589,-80.3553,33176
139.62.200.211,Florida,30.3007,-81.4421,32224
108.167.158.51,Texas,29.8284,-95.4696,77092
192.185.227.64,Tennessee,35.16,-89.7768,38018
199.87.225.212,Florida,28.5177,-81.4508,32811
198.72.72.11,Georgia,33.9461,-83.418,30606
64.207.178.196,California,34.0141,-118.3983,90232
205.129.160.3,Georgia,33.7561,-84.4255,30314
168.26.188.12,Georgia,32.4783,-84.8985,31907
198.72.72.10,Georgia,33.9461,-83.418,30606
131.144.4.9,Georgia,33.9461,-83.418,30606
192.185.52.125,Texas,29.8284,-95.4696,77092
64.39.128.3,Georgia,30.8415,-83.9725,31792
64.39.128.4,Georgia,30.8415,-83.9725,31792
216.98.224.1,Idaho,46.7331,-116.9899,83843
198.40.30.21,Illinois,41.8798,-87.6285,60603
206.166.17.200,Illinois,39.8304,-89.6498,62702
157.201.130.11,Idaho,43.826,-111.7897,83460
192.203.136.1,Illinois,41.864,-88.0671,60137
140.192.0.2,Illinois,41.8777,-87.6376,60604
139.67.14.126,Illinois,39.4849,-88.1805,61920
128.248.7.50,Illinois,41.8783,-87.6907,60612
138.87.254.225,Illinois,40.5103,-88.998,61790
207.63.74.137,Illinois,39.4796,-88.3755,61938
216.125.196.11,Illinois,38.9093,-90.16,62002
206.166.61.22,Illinois,42.0469,-88.1051,60169
205.186.164.145,California,34.0141,-118.3983,90232
131.156.116.211,Illinois,41.9014,-88.7515,60115
216.117.191.22,North Carolina,35.0743,-78.8836,28301
192.102.230.250,Illinois,39.7627,-89.6225,62703
108.59.150.31,Illinois,41.8446,-89.4889,61021
149.28.124.18,Illinois,42.0048,-87.9954,60007
146.163.1.2,Illinois,38.8114,-89.9532,62026
157.91.1.1,Indiana,39.786,-86.1589,46202
134.68.220.8,Indiana,39.786,-86.1589,46202
139.102.1.10,Indiana,39.471,-87.4111,47809
129.79.1.8,Indiana,39.2273,-86.466,47408
147.126.64.64,Illinois,42.0107,-87.6657,60626
199.8.51.251,Indiana,41.211,-85.8305,46590
152.228.3.200,Indiana,41.4549,-87.0613,46383
159.218.1.100,Indiana,38.6717,-87.5128,47591
192.133.84.42,Iowa,42.0228,-91.6572,52402
209.56.185.253,Iowa,41.5557,-91.5308,52235
209.56.12.252,Iowa,41.2616,-95.8251,51503
198.102.147.252,Iowa,42.4718,-96.3549,51106
63.150.72.4,North Carolina,36.3313,-78.6134,27565
198.178.167.1,Iowa,43.0185,-96.0565,51041
165.206.53.253,Iowa,41.6032,-93.7152,50324
209.114.111.1,Kansas,38.8789,-99.3392,67601
64.71.208.7,Kansas,37.3903,-97.6284,67031
199.188.56.200,Kansas,38.4186,-96.1844,66801
151.164.11.218,Texas,32.9636,-96.7468,75080
148.59.183.10,Kentucky,37.8602,-84.6714,40390
157.89.40.1,Kentucky,37.7548,-84.2985,40475
216.249.159.4,Kentucky,36.6089,-88.3031,42071
192.122.237.204,Kentucky,38.9638,-84.3689,41099
76.165.211.132,Louisiana,32.5434,-93.7011,71111
192.16.176.87,Louisiana,30.403,-91.1886,70803
208.245.22.10,Louisiana,30.4941,-90.4751,70403
192.251.101.221,Louisiana,30.1713,-93.2244,70605
162.75.1.14,Louisiana,30.4438,-91.1775,70802
69.2.54.36,Louisiana,30.3608,-91.0917,70810
147.174.1.4,Louisiana,30.514,-90.4804,70402
130.111.130.7,Maine,45.0028,-68.6334,04469
130.111.32.11,Maine,45.0028,-68.6334,04469
131.118.249.199,Maryland,38.3802,-75.6347,21801
131.118.80.1,Maryland,39.6494,-78.9306,21532
130.85.1.6,Maryland,39.2582,-76.7131,21250
205.251.193.68,Washington,47.6109,-122.3303,98101
192.138.21.230,Michigan,42.7348,-84.6245,48917
148.85.1.14,Massachusetts,42.3654,-72.4671,01002
66.81.135.51,Texas,32.7256,-97.3184,76104
192.33.12.4,Massachusetts,42.3654,-72.4671,01002
69.16.74.72,Massachusetts,42.2831,-71.7237,01545
138.110.1.200,Massachusetts,42.234,-72.583,01075
68.183.51.15,New Jersey,40.8364,-74.1403,07014
54.201.53.2,Oregon,45.8491,-119.7143,97818
168.245.150.18,Massachusetts,42.1247,-72.5121,01119
207.159.171.89,Massachusetts,42.1734,-72.848,01086
198.108.130.10,Michigan,42.2739,-84.5999,49269
153.106.4.1,Michigan,42.9282,-85.5473,49546
35.8.2.42,Michigan,42.7307,-84.4853,48824
198.110.129.7,Michigan,46.4638,-90.1588,49938
74.116.152.3,Michigan,42.9656,-85.65,49503
148.61.13.15,Michigan,42.9698,-85.9212,49401
209.140.194.50,Michigan,42.7686,-86.117,49423
192.203.223.10,Michigan,42.6969,-84.5464,48910
192.12.80.222,Michigan,42.3068,-83.7059,48105
54.84.177.93,Virginia,39.0481,-77.4728,20149
75.141.88.6,Michigan,41.8549,-83.5916,48140
198.110.192.40,Michigan,46.5778,-87.4552,49855
141.210.2.132,Michigan,42.6626,-83.1837,48309
155.138.1.5,Michigan,43.5566,-83.9943,48710
208.68.24.17,Michigan,46.5778,-87.4552,49855
141.218.1.104,Michigan,42.2623,-85.6148,49008
199.17.243.243,Minnesota,44.1552,-93.9961,56001
199.17.241.241,Minnesota,44.9512,-93.0902,55101
140.88.127.250,Minnesota,45.0782,-93.1894,55112
140.88.127.251,Minnesota,45.0782,-93.1894,55112
199.17.176.1,Minnesota,47.5736,-94.7896,56601
199.17.176.2,Minnesota,47.5736,-94.7896,56601
208.82.48.11,Minnesota,44.9825,-93.1863,55108
150.253.10.111,Minnesota,44.9618,-93.2638,55404
199.91.182.33,Minnesota,44.4587,-93.1668,55057
143.110.1.1,Minnesota,46.8147,-92.1998,55811
64.150.179.21,Kansas,38.9588,-94.644,66207
141.224.64.136,Minnesota,44.9682,-93.2429,55454
150.199.1.11,Missouri,38.9336,-92.363,65203
134.124.15.13,Missouri,38.7059,-90.3078,63121
150.201.32.240,Missouri,37.3175,-89.5459,63701
150.131.223.1,Montana,46.8721,-113.994,59812
63.158.238.7,Montana,45.7815,-108.5706,59102
150.131.223.2,Montana,46.8721,-113.994,59812
52.41.69.95,Oregon,45.8491,-119.7143,97818
64.89.188.254,Nebraska,40.8206,-96.6928,68588
147.134.0.11,Nebraska,41.2657,-95.9477,68178
192.160.64.2,Nebraska,40.9066,-97.0966,68434
64.89.187.254,Nebraska,40.8206,-96.6928,68588
144.216.1.1,Nebraska,40.8497,-99.0741,68849
134.197.6.251,Nevada,39.5296,-119.8138,89557
131.216.205.4,Nevada,36.0409,-115.0829,89074
132.177.128.56,New Hampshire,43.1174,-70.9197,03824
158.65.126.94,New Hampshire,42.9337,-72.2781,03435
192.185.16.22,Texas,29.8284,-95.4696,77092
132.238.130.12,New Jersey,40.8949,-74.011,07666
72.9.144.3,Texas,32.8137,-96.8704,75247
131.125.10.11,New Jersey,40.6947,-74.2688,07083
66.28.0.14,District of Columbia,38.9014,-77.0504,20037
52.42.6.246,Oregon,45.8491,-119.7143,97818
149.151.1.9,New Jersey,40.9451,-74.2531,07470
128.123.3.3,New Mexico,32.2738,-106.7472,88003
208.44.130.120,Indiana,41.4931,-85.8347,46553
50.28.103.98,Arizona,33.4413,-112.0421,85034
128.123.2.2,New Mexico,32.2738,-106.7472,88003
173.199.181.18,Michigan,42.7348,-84.6245,48917
149.84.147.111,New York,42.2534,-77.7893,14802
128.153.5.254,New York,44.6611,-74.9708,13676
207.158.15.167,California,32.8595,-117.2124,92122
192.133.105.226,New Jersey,39.4276,-74.7075,08330
199.98.16.9,New York,40.7359,-73.9904,10003
146.96.128.21,New York,40.665,-73.9523,11225
151.103.16.43,New York,42.7273,-73.6696,12180
192.231.231.31,New York,40.9163,-73.7898,10801
148.4.184.5,New York,40.8125,-73.6261,11548
148.4.248.5,New York,40.8125,-73.6261,11548
140.163.254.226,New York,40.7652,-73.9588,10065
198.38.8.2,New York,40.7244,-73.6484,11530
128.122.0.76,New York,40.7359,-73.9904,10003
64.35.176.65,New York,40.7894,-73.5855,11568
65.51.58.151,New York,40.6955,-73.9667,11205
129.21.1.82,New York,43.0801,-77.6342,14623
70.32.72.251,California,34.0141,-118.3983,90232
128.151.2.1,New York,43.1275,-77.6277,14627
129.85.1.21,New York,40.7653,-73.9589,10021
69.6.97.45,New York,44.5919,-75.162,13617
209.208.17.6,Florida,28.5436,-81.3738,32801
141.222.2.9,New York,43.0592,-73.7356,12866
149.15.3.201,New York,43.1061,-75.2336,13502
137.140.1.11,New York,41.7464,-74.1092,12561
139.127.11.56,New York,43.0391,-76.1277,13210
72.237.4.102,New York,43.1061,-75.2336,13502
152.10.1.1,North Carolina,36.2168,-81.6746,28608
128.109.249.27,North Carolina,35.2722,-80.9543,28214
204.84.216.49,North Carolina,35.9806,-78.8426,27703
152.33.2.3,North Carolina,36.1029,-79.5067,27244
192.154.46.6,North Carolina,35.971,-80.0079,27262
67.227.189.173,Michigan,42.7348,-84.6245,48917
152.16.1.4,North Carolina,35.6263,-78.8458,27540
152.30.23.20,North Carolina,35.2409,-83.1475,28723
146.245.201.50,New York,40.6286,-73.939,11210
134.129.204.160,North Dakota,46.8954,-96.8078,58105
163.11.75.70,Ohio,39.7484,-83.8013,45314
128.146.48.15,Ohio,40.0043,-83.0177,43210
131.238.252.50,Ohio,39.7405,-84.1789,45469
208.122.95.3,Ohio,38.7418,-82.8204,45694
64.207.180.194,California,34.0141,-118.3983,90232
128.146.1.15,Ohio,40.0535,-83.0187,43214
140.106.224.4,Ohio,39.7563,-84.1895,45402
164.58.112.57,Oklahoma,34.6196,-98.4543,73505
164.58.233.202,Oklahoma,35.2144,-97.4536,73069
216.15.129.2,Missouri,38.6364,-90.1985,63101
164.58.64.2,Oklahoma,35.5144,-97.5865,73112
205.143.139.34,Oklahoma,36.154,-95.9928,74171
140.211.24.129,Oregon,44.0944,-121.2863,97701
207.98.65.2,Oregon,45.9486,-118.3912,97862
98.143.159.197,California,34.0549,-118.2578,90014
163.41.112.10,Oregon,44.0358,-123.0576,97403
192.16.176.90,Louisiana,30.403,-91.1886,70803
128.223.32.35,Oregon,44.0358,-123.0576,97403
64.59.224.199,Oregon,45.5981,-123.1818,97116
134.10.2.33,Oregon,45.4805,-122.6363,97202
108.174.183.161,Oregon,43.227,-123.5158,97471
158.104.100.2,Oregon,44.9466,-123.0105,97301
163.129.254.12,Pennsylvania,40.4608,-80.0348,15233
162.209.88.92,Texas,29.4963,-98.4004,78218
148.137.8.15,Pennsylvania,41.0106,-76.4442,17815
165.106.70.50,Pennsylvania,40.0271,-75.3291,19010
162.223.18.35,Pennsylvania,40.4237,-79.89,15218
134.82.24.4,Pennsylvania,40.9702,-76.9099,17837
207.126.105.146,Georgia,34.0414,-84.5053,30066
128.2.1.8,Pennsylvania,40.4442,-79.9557,15213
209.250.203.86,Pennsylvania,41.2123,-79.3773,16214
35.12.50.192,Michigan,42.7307,-84.4853,48824
144.118.24.10,Pennsylvania,39.9597,-75.1995,19104
204.235.160.251,Pennsylvania,41.0367,-75.1735,18301
138.234.4.158,Pennsylvania,39.8307,-77.2177,17325
139.84.10.210,Pennsylvania,40.0359,-75.145,19141
144.80.128.8,Pennsylvania,40.6215,-79.1525,15705
128.180.1.3,Pennsylvania,40.5995,-75.3763,18015
192.207.16.101,Pennsylvania,41.1963,-76.0044,18634
192.104.181.129,Pennsylvania,40.595,-75.5289,18104
184.154.243.249,Illinois,41.8777,-87.6376,60604
128.118.25.6,Pennsylvania,40.7957,-77.8618,16801
72.22.1.3,Pennsylvania,40.5457,-80.0508,15237
54.86.172.68,Virginia,39.0481,-77.4728,20149
216.154.209.100,Georgia,33.9733,-84.2231,30092
155.247.19.2,Pennsylvania,39.9739,-75.1456,19122
157.160.32.12,Pennsylvania,40.0537,-77.5216,17257
192.185.244.76,New York,40.7653,-73.9589,10021
192.133.12.61,Rhode Island,41.8333,-71.4314,02908
155.225.6.13,South Carolina,32.7961,-79.9605,29409
70.150.177.40,South Carolina,34.8308,-82.3507,29607
128.23.34.1,South Carolina,32.7862,-79.9471,29425
107.191.80.2,Pennsylvania,40.5105,-78.6294,15940
199.120.21.2,South Carolina,33.9358,-78.9192,29528
192.103.41.233,South Dakota,43.6746,-96.7913,57197
192.232.249.141,Texas,29.8284,-95.4696,77092
161.45.158.7,Tennessee,35.8596,-86.421,37132
40.74.248.87,Texas,29.4247,-98.4935,78288
216.229.224.4,Tennessee,35.0479,-85.0574,37315
160.36.0.66,Tennessee,35.9901,-83.9622,37996
198.146.208.9,Tennessee,36.5356,-82.3656,37617
206.77.151.36,Texas,30.3316,-97.7004,78752
192.195.87.5,Texas,30.6521,-96.341,77843
68.232.1.27,Texas,33.1659,-96.3686,75442
208.57.4.235,Nevada,36.2473,-115.2821,89129
68.69.48.76,Texas,32.1935,-95.8432,75751
208.80.162.69,Texas,32.2558,-95.3146,75703
140.158.64.5,Texas,30.086,-94.1018,77710
69.84.160.21,Texas,32.0321,-102.0898,79705
108.167.180.88,Texas,29.8284,-95.4696,77092
34.216.141.57,Oregon,45.8491,-119.7143,97818
129.119.64.10,Texas,32.7673,-96.7776,75275
144.96.192.192,Texas,31.6995,-94.6074,75962
158.135.1.83,Texas,30.7142,-95.5508,77341
128.194.211.238,Texas,30.3023,-97.6914,78723
129.108.202.35,Texas,31.7775,-106.4903,79902
129.106.149.12,Texas,29.7056,-95.402,77030
216.167.161.35,Texas,33.5788,-102.3676,79336
173.247.250.65,California,34.0125,-118.4682,90405
216.49.189.32,Utah,40.3495,-111.8998,84045
155.42.1.89,Vermont,44.1991,-72.5596,05601
72.15.4.202,Vermont,43.6634,-72.7963,05751
192.185.50.81,Texas,29.8284,-95.4696,77092
132.198.201.10,Vermont,44.4421,-73.0825,05405
128.239.19.2,Virginia,37.3105,-76.7468,23187
164.106.2.1,Virginia,37.4728,-77.5906,23236
137.198.10.18,Virginia,37.0206,-76.3377,23668
134.126.13.42,Virginia,38.4392,-78.8748,22807
164.106.120.53,Virginia,37.4728,-77.5906,23236
164.106.1.1,Virginia,37.4728,-77.5906,23236
198.82.247.101,Virginia,37.1791,-80.3515,24061
141.166.30.6,Virginia,37.5538,-77.4603,23173
143.60.16.22,Virginia,36.9765,-82.5943,24293
198.82.247.201,Virginia,37.1791,-80.3515,24061
68.179.206.40,Washington,47.1704,-122.5888,98388
192.254.235.8,Texas,29.8284,-95.4696,77092
140.142.5.5,Washington,47.6348,-122.3451,98109
134.121.139.10,Washington,46.7313,-117.1796,99164
198.29.2.174,Washington,47.6536,-117.4317,99251
129.71.254.5,West Virginia,38.3274,-81.669,25314
205.213.163.100,Wisconsin,42.9918,-89.0209,53523
205.213.108.100,Wisconsin,43.1205,-89.3523,53704
216.118.88.10,Colorado,39.7501,-104.9957,80202
198.150.96.11,Wisconsin,43.0788,-88.2729,53072
140.146.22.66,Wisconsin,42.8272,-88.7429,53190
143.235.32.249,Wisconsin,43.0653,-89.4,53715
206.212.0.1,West Virginia,38.4077,-82.4405,25701
138.49.101.205,Wisconsin,43.8013,-91.2134,54601
129.72.60.2,Wyoming,41.3114,-105.5911,82071
208.70.67.16,Pennsylvania,40.5346,-79.8805,15238
170.158.2.9,New York,42.5942,-76.1881,13045
192.185.17.114,Texas,29.8284,-95.4696,77092
69.16.253.224,Michigan,42.7348,-84.6245,48917
108.167.181.137,Texas,29.8284,-95.4696,77092
192.185.96.87,Texas,29.8284,-95.4696,77092
140.142.5.13,Washington,47.6348,-122.3451,98109
199.250.205.250,California,33.956,-118.3887,90045
167.102.158.80,Maryland,39.5693,-76.9869,21157
158.106.184.95,Texas,32.8137,-96.8704,75247
143.111.2.71,Texas,29.7056,-95.402,77030
166.78.109.46,Texas,29.4963,-98.4004,78218
192.185.93.67,Texas,29.8284,-95.4696,77092
209.244.5.149,Colorado,39.9241,-105.0639,80020
64.58.255.3,Pennsylvania,40.4608,-80.0348,15233
167.206.12.12,New York,40.76,-73.5318,11801
184.154.0.114,Illinois,41.8777,-87.6376,60604
192.232.249.198,Texas,29.8284,-95.4696,77092
184.154.231.31,Illinois,41.8777,-87.6376,60604
67.225.203.21,Michigan,42.7348,-84.6245,48917
69.2.32.2,Louisiana,30.415,-91.0773,70809
174.37.143.41,Washington,47.6092,-122.3314,98111
108.167.183.241,Texas,29.8284,-95.4696,77092
184.154.208.66,Illinois,41.8777,-87.6376,60604
173.226.254.127,New York,43.1558,-77.6142,14614
107.6.158.142,Illinois,41.8777,-87.6376,60604
104.244.127.52,California,33.956,-118.3887,90045
216.194.167.69,California,33.9214,-118.413,90245
108.167.137.37,Louisiana,30.1219,-91.9502,70518
199.164.64.16,Florida,28.2402,-82.7,34653
204.69.1.253,California,33.9764,-117.3341,92507
216.139.141.17,New York,40.7428,-73.9712,10016
192.254.225.235,Texas,29.8284,-95.4696,77092
108.179.234.143,Texas,29.8284,-95.4696,77092
198.251.83.218,Wyoming,41.1034,-104.9059,82001
50.116.84.152,Texas,29.8284,-95.4696,77092
74.118.176.174,Washington,47.6536,-117.4317,99251
128.118.220.17,Pennsylvania,40.7959,-77.862,16802
192.185.67.16,Texas,29.8284,-95.4696,77092
208.180.150.87,North Carolina,35.6206,-77.3944,27834
192.185.28.235,Texas,29.8284,-95.4696,77092
108.167.181.133,Texas,29.8284,-95.4696,77092
128.227.30.254,Florida,29.684,-82.3569,32611
108.167.181.160,Texas,29.8284,-95.4696,77092
70.32.80.146,California,34.0141,-118.3983,90232
192.254.235.18,Texas,29.8284,-95.4696,77092
130.218.3.5,Georgia,34.0344,-84.6002,30144
192.245.12.56,Arizona,32.2503,-110.945,85719
216.172.184.98,Texas,29.8284,-95.4696,77092
96.30.54.102,Michigan,42.7348,-84.6245,48917
50.28.51.212,Virginia,37.4376,-79.205,24503
192.185.236.195,Texas,29.8284,-95.4696,77092
198.108.148.32,Michigan,42.3173,-85.1782,49017
163.245.1.58,Indiana,41.5878,-87.4532,46323
192.185.144.52,Texas,29.8284,-95.4696,77092
162.223.16.35,Delaware,39.1589,-75.5878,19904
209.21.114.2,Texas,30.0729,-95.8104,77447
134.121.80.36,Washington,46.7313,-117.1796,99164
128.210.224.226,Indiana,40.4251,-86.9147,47907
69.166.40.3,Washington,46.7313,-117.1796,99164
128.46.154.76,Indiana,40.4251,-86.9147,47907
128.10.2.5,Indiana,40.4251,-86.9147,47907
128.42.209.32,Texas,29.7228,-95.4251,77005
63.76.54.10,Missouri,39.0133,-94.5916,64113
64.18.59.30,Arizona,34.501,-109.3796,85936
159.233.38.92,Arizona,32.2139,-110.9694,85701
50.31.98.46,Illinois,41.8719,-87.6589,60607
206.13.29.11,California,37.976,-122.3359,94806
159.83.181.7,California,33.9212,-118.1424,90242
170.164.50.66,California,34.1083,-117.2898,92415
161.213.63.74,California,34.4216,-119.7068,93101
192.70.175.110,Colorado,39.7425,-105.098,80215
204.133.39.28,Colorado,40.4102,-104.7584,80634
205.166.161.171,Florida,26.1481,-80.2088,33313
208.89.76.188,Florida,26.6207,-81.8741,33901
204.49.254.18,Florida,30.7644,-86.5917,32536
192.234.90.20,Florida,28.5436,-81.3738,32801
50.226.91.18,Florida,29.6669,-81.6579,32177
143.95.252.43,California,34.0549,-118.2578,90014
69.60.160.35,Georgia,34.024,-84.2396,30022
66.44.210.60,Georgia,34.8555,-84.3281,30513
50.28.102.96,Arizona,33.4413,-112.0421,85034
143.95.39.115,California,34.0549,-118.2578,90014
143.95.76.237,California,34.0549,-118.2578,90014
69.63.121.3,Iowa,41.2324,-95.8751,51501
66.35.111.100,South Dakota,45.4636,-98.4829,57401
108.167.143.243,Louisiana,30.1219,-91.9502,70518
207.204.21.32,Florida,30.1426,-81.5727,32258
67.225.162.138,Pennsylvania,40.207,-75.0744,18974
24.245.95.11,Illinois,39.9512,-90.2123,62691
173.165.247.65,Minnesota,44.9998,-93.393,55427
206.51.97.30,Indiana,41.7011,-86.872,46360
12.161.105.36,Indiana,39.8335,-84.8983,47374
192.254.186.85,Texas,29.8284,-95.4696,77092
199.0.207.131,Kansas,39.4416,-98.1192,67420
216.172.184.247,Texas,29.8284,-95.4696,77092
192.241.233.197,California,37.7353,-122.3732,94124
209.213.64.2,Massachusetts,41.6913,-70.9355,02745
167.102.42.53,Maryland,38.6955,-76.6061,20736
167.102.160.35,Maryland,38.5281,-76.9842,20646
207.229.92.3,Maine,44.7845,-68.7561,04412
216.245.225.132,Michigan,45.2654,-85.2297,49720
64.90.209.53,Michigan,43.4833,-83.3835,48723
12.221.137.11,Michigan,43.6077,-83.9498,48706
216.16.120.100,Minnesota,44.5587,-95.9767,56264
67.221.199.1,Missouri,38.9336,-92.363,65203
74.91.66.2,Missouri,36.5672,-89.9737,63863
162.218.100.15,Montana,45.7753,-108.6519,59106
173.247.83.55,Florida,30.2183,-81.5621,32256
209.151.224.62,California,34.1057,-118.3286,90028
69.64.44.21,Arizona,33.6013,-111.8867,85260
66.207.224.1,North Carolina,34.6471,-78.5747,28337
66.119.96.9,Georgia,34.9588,-83.8688,30582
192.254.185.56,Texas,29.8284,-95.4696,77092
168.215.112.166,North Carolina,35.7109,-78.6594,27603
69.36.161.11,Utah,41.7468,-111.8268,84321
184.154.247.202,Illinois,41.8777,-87.6376,60604
66.231.120.1,North Dakota,48.7866,-98.3566,58249
104.37.136.94,Nebraska,41.9374,-96.815,68716
63.241.247.10,Texas,32.9103,-96.7283,75243
24.246.223.253,Nebraska,40.2705,-96.7435,68310
198.133.246.12,Nebraska,40.8161,-96.7036,68508
199.233.80.4,New Jersey,40.2459,-74.2813,07728
172.97.0.1,New Mexico,34.1799,-103.3363,88130
148.186.5.3,Nevada,39.5473,-119.7951,89512
216.171.180.242,New York,43.3527,-76.1477,13076
199.48.133.234,Texas,32.7767,-96.805,75202
143.95.252.26,California,34.0549,-118.2578,90014
65.17.128.13,Ohio,40.7641,-84.0973,45801
208.90.53.8,Ohio,41.5053,-81.5566,44118
72.11.0.21,Ohio,41.2779,-84.3578,43512
71.252.0.72,Maryland,39.144,-77.2076,20884
148.59.137.164,Ohio,41.1389,-81.8629,44256
67.214.107.58,Oklahoma,36.0496,-95.8858,74133
199.48.36.197,Oregon,44.7749,-117.8344,97814
199.195.30.9,Oregon,43.2294,-123.2392,97470
192.149.16.99,Oregon,44.9466,-123.0105,97301
205.153.48.13,Oregon,45.4804,-122.5891,97206
204.89.128.66,Oregon,45.4525,-123.8198,97141
216.228.195.25,Oregon,45.3332,-118.0854,97850
209.141.38.42,Nevada,36.1685,-115.1164,89101
66.211.211.26,Pennsylvania,42.1553,-80.0177,16511
74.81.97.71,Pennsylvania,41.7762,-77.9567,16915
204.186.0.203,Pennsylvania,40.8999,-75.476,18058
209.213.20.35,South Carolina,35.0535,-82.0582,29349
66.153.128.98,South Carolina,33.7387,-78.9762,29579
167.7.10.131,South Carolina,33.998,-81.03,29201
66.35.111.101,South Dakota,45.4636,-98.4829,57401
170.141.168.22,Tennessee,36.165,-86.7821,37243
74.122.74.36,Virginia,36.7114,-82.8337,24244
199.15.156.55,Tennessee,35.5002,-85.0135,37321
50.97.141.130,Texas,32.7787,-96.8217,75270
192.185.23.94,Texas,29.8284,-95.4696,77092
69.94.4.4,Connecticut,41.217,-73.0552,06460
67.227.157.227,Colorado,39.7501,-104.9957,80202
69.94.6.143,Connecticut,41.217,-73.0552,06460
67.40.146.195,Colorado,39.6124,-104.8804,80111
198.214.208.1,Texas,30.2732,-97.7419,78701
216.145.65.3,Tennessee,36.3125,-82.377,37604
216.37.42.4,Indiana,39.9714,-86.1295,46032
207.190.94.210,Wisconsin,43.8877,-90.1524,53950
192.232.216.135,Texas,29.8284,-95.4696,77092
209.33.247.10,Utah,37.086,-113.5609,84790
209.94.172.168,Wisconsin,44.3747,-89.8035,54494
192.185.33.253,Tennessee,35.1313,-84.875,37311
147.55.96.32,Washington,47.4325,-122.9289,98528
69.36.161.12,Utah,41.7468,-111.8268,84321
72.164.194.115,Utah,40.6596,-111.9195,84123
216.152.176.2,Alaska,61.6303,-148.9872,99645
